INSERT INTO employee ("id", "username", "first_name", "last_name", "created_at", "updated_at")
VALUES ('550e8400-e29b-41d4-a716-446655440001', 'user1', 'First1', 'Last1', '2024-09-09 18:07:09.466407',
        '2024-09-09 18:07:09.466407'),
       ('550e8400-e29b-41d4-a716-446655440002', 'user2', 'First2', 'Last2', '2024-09-09 18:07:09.466407',
        '2024-09-09 18:07:09.466407'),
       ('550e8400-e29b-41d4-a716-446655440003', 'user3', 'First3', 'Last3', '2024-09-09 18:07:09.466407',
        '2024-09-09 18:07:09.466407'),
       ('550e8400-e29b-41d4-a716-446655440004', 'user4', 'First4', 'Last4', '2024-09-09 18:07:09.466407',
        '2024-09-09 18:07:09.466407'),
       ('550e8400-e29b-41d4-a716-446655440005', 'user5', 'First5', 'Last5', '2024-09-09 18:07:09.466407',
        '2024-09-09 18:07:09.466407'),
       ('550e8400-e29b-41d4-a716-446655440006', 'user6', 'First6', 'Last6', '2024-09-09 18:07:09.466407',
        '2024-09-09 18:07:09.466407'),
       ('550e8400-e29b-41d4-a716-446655440007', 'user7', 'First7', 'Last7', '2024-09-09 18:07:09.466407',
        '2024-09-09 18:07:09.466407'),
       ('550e8400-e29b-41d4-a716-446655440008', 'user8', 'First8', 'Last8', '2024-09-09 18:07:09.466407',
        '2024-09-09 18:07:09.466407'),
       ('550e8400-e29b-41d4-a716-446655440009', 'user9', 'First9', 'Last9', '2024-09-09 18:07:09.466407',
        '2024-09-09 18:07:09.466407'),
       ('550e8400-e29b-41d4-a716-44665544000a', 'user10', 'First10', 'Last10', '2024-09-09 18:07:09.466407',
        '2024-09-09 18:07:09.466407'),
       ('550e8400-e29b-41d4-a716-44665544000b', 'user11', 'First11', 'Last11', '2024-09-09 18:07:09.466407',
        '2024-09-09 18:07:09.466407'),
       ('550e8400-e29b-41d4-a716-44665544000c', 'user12', 'First12', 'Last12', '2024-09-09 18:07:09.466407',
        '2024-09-09 18:07:09.466407'),
       ('550e8400-e29b-41d4-a716-44665544000d', 'user13', 'First13', 'Last13', '2024-09-09 18:07:09.466407',
        '2024-09-09 18:07:09.466407'),
       ('550e8400-e29b-41d4-a716-44665544000e', 'user14', 'First14', 'Last14', '2024-09-09 18:07:09.466407',
        '2024-09-09 18:07:09.466407'),
       ('550e8400-e29b-41d4-a716-44665544000f', 'user15', 'First15', 'Last15', '2024-09-09 18:07:09.466407',
        '2024-09-09 18:07:09.466407'),
       ('550e8400-e29b-41d4-a716-446655440010', 'user16', 'First16', 'Last16', '2024-09-09 18:07:09.466407',
        '2024-09-09 18:07:09.466407'),
       ('550e8400-e29b-41d4-a716-446655440011', 'user17', 'First17', 'Last17', '2024-09-09 18:07:09.466407',
        '2024-09-09 18:07:09.466407'),
       ('550e8400-e29b-41d4-a716-446655440012', 'user18', 'First18', 'Last18', '2024-09-09 18:07:09.466407',
        '2024-09-09 18:07:09.466407'),
       ('550e8400-e29b-41d4-a716-446655440013', 'user19', 'First19', 'Last19', '2024-09-09 18:07:09.466407',
        '2024-09-09 18:07:09.466407'),
       ('550e8400-e29b-41d4-a716-446655440014', 'user20', 'First20', 'Last20', '2024-09-09 18:07:09.466407',
        '2024-09-09 18:07:09.466407'),
       ('550e8400-e29b-41d4-a716-446655440015', 'user21', 'First21', 'Last21', '2024-09-09 18:07:09.466407',
        '2024-09-09 18:07:09.466407'),
       ('550e8400-e29b-41d4-a716-446655440016', 'user22', 'First22', 'Last22', '2024-09-09 18:07:09.466407',
        '2024-09-09 18:07:09.466407'),
       ('550e8400-e29b-41d4-a716-446655440017', 'user23', 'First23', 'Last23', '2024-09-09 18:07:09.466407',
        '2024-09-09 18:07:09.466407'),
       ('550e8400-e29b-41d4-a716-446655440018', 'user24', 'First24', 'Last24', '2024-09-09 18:07:09.466407',
        '2024-09-09 18:07:09.466407'),
       ('550e8400-e29b-41d4-a716-446655440019', 'user25', 'First25', 'Last25', '2024-09-09 18:07:09.466407',
        '2024-09-09 18:07:09.466407'),
       ('550e8400-e29b-41d4-a716-44665544001a', 'user26', 'First26', 'Last26', '2024-09-09 18:07:09.466407',
        '2024-09-09 18:07:09.466407'),
       ('550e8400-e29b-41d4-a716-44665544001b', 'user27', 'First27', 'Last27', '2024-09-09 18:07:09.466407',
        '2024-09-09 18:07:09.466407'),
       ('550e8400-e29b-41d4-a716-44665544001c', 'user28', 'First28', 'Last28', '2024-09-09 18:07:09.466407',
        '2024-09-09 18:07:09.466407'),
       ('550e8400-e29b-41d4-a716-44665544001d', 'user29', 'First29', 'Last29', '2024-09-09 18:07:09.466407',
        '2024-09-09 18:07:09.466407'),
       ('550e8400-e29b-41d4-a716-44665544001e', 'user30', 'First30', 'Last30', '2024-09-09 18:07:09.466407',
        '2024-09-09 18:07:09.466407');

INSERT INTO organization ("id", "name", "description", "type", "created_at", "updated_at")
VALUES ('550e8400-e29b-41d4-a716-446655440020', 'Organization 1', 'Description 1', 'LLC', '2024-09-09 18:07:09.488422',
        '2024-09-09 18:07:09.488422'),
       ('550e8400-e29b-41d4-a716-446655440021', 'Organization 2', 'Description 2', 'IE', '2024-09-09 18:07:09.488422',
        '2024-09-09 18:07:09.488422'),
       ('550e8400-e29b-41d4-a716-446655440022', 'Organization 3', 'Description 3', 'JSC', '2024-09-09 18:07:09.488422',
        '2024-09-09 18:07:09.488422'),
       ('550e8400-e29b-41d4-a716-446655440023', 'Organization 4', 'Description 4', 'LLC', '2024-09-09 18:07:09.488422',
        '2024-09-09 18:07:09.488422');

INSERT INTO organization_responsible ("id", "organization_id", "user_id")
VALUES ('550e8400-e29b-41d4-a716-446655440030', '550e8400-e29b-41d4-a716-446655440020',
        '550e8400-e29b-41d4-a716-446655440001'),
       ('550e8400-e29b-41d4-a716-446655440031', '550e8400-e29b-41d4-a716-446655440020',
        '550e8400-e29b-41d4-a716-446655440002'),
       ('550e8400-e29b-41d4-a716-446655440032', '550e8400-e29b-41d4-a716-446655440020',
        '550e8400-e29b-41d4-a716-446655440003'),
       ('550e8400-e29b-41d4-a716-446655440033', '550e8400-e29b-41d4-a716-446655440021',
        '550e8400-e29b-41d4-a716-446655440004'),
       ('550e8400-e29b-41d4-a716-446655440034', '550e8400-e29b-41d4-a716-446655440021',
        '550e8400-e29b-41d4-a716-446655440005'),
       ('550e8400-e29b-41d4-a716-446655440035', '550e8400-e29b-41d4-a716-446655440021',
        '550e8400-e29b-41d4-a716-446655440006'),
       ('550e8400-e29b-41d4-a716-446655440036', '550e8400-e29b-41d4-a716-446655440022',
        '550e8400-e29b-41d4-a716-446655440007'),
       ('550e8400-e29b-41d4-a716-446655440037', '550e8400-e29b-41d4-a716-446655440022',
        '550e8400-e29b-41d4-a716-446655440008'),
       ('550e8400-e29b-41d4-a716-446655440038', '550e8400-e29b-41d4-a716-446655440022',
        '550e8400-e29b-41d4-a716-446655440009'),
       ('550e8400-e29b-41d4-a716-446655440039', '550e8400-e29b-41d4-a716-446655440023',
        '550e8400-e29b-41d4-a716-44665544000a'),
       ('550e8400-e29b-41d4-a716-44665544003a', '550e8400-e29b-41d4-a716-446655440023',
        '550e8400-e29b-41d4-a716-44665544000b'),
       ('550e8400-e29b-41d4-a716-44665544003b', '550e8400-e29b-41d4-a716-446655440023',
        '550e8400-e29b-41d4-a716-44665544000c');

insert into tenders(id, name, description, service_type, status, organization_id, creator_username, created_at, version)
VALUES ('550e8400-e29b-41d4-a716-446655440040', 'Tender 1', 'Tender 1 description', 'Construction',
        'Created', '550e8400-e29b-41d4-a716-446655440021', 'user4', '2024-09-09 18:07:09.488422', 1),
       ('550e8400-e29b-41d4-a716-446655440041', 'Tender 2', 'Tender 2 description', 'Delivery',
        'Published', '550e8400-e29b-41d4-a716-446655440021', 'user4', '2024-09-09 18:07:09.488422', 1),
       ('550e8400-e29b-41d4-a716-446655440042', 'Tender 3', 'Tender 3 description', 'Manufacture',
        'Closed', '550e8400-e29b-41d4-a716-446655440021', 'user4', '2024-09-09 18:07:09.488422', 1),
       ('550e8400-e29b-41d4-a716-446655440043', 'Tender 4', 'Tender 4 description', 'Manufacture',
        'Published', '550e8400-e29b-41d4-a716-446655440021', 'user4', '2024-09-09 18:07:09.488422', 1);

insert into bids(id, name, description, status, tender_id, author_type, author_id, version, created_at)
VALUES ('550e8400-e29b-41d4-a716-446655440050', 'Bid 1', 'Bid 1 description', 'Created',
        '550e8400-e29b-41d4-a716-446655440043',
        'User', '550e8400-e29b-41d4-a716-44665544000a', 1, '2024-09-09 18:07:09.488422'),
       ('550e8400-e29b-41d4-a716-446655440051', 'Bid 2', 'Bid 2 description', 'Created',
        '550e8400-e29b-41d4-a716-446655440043',
        'User', '550e8400-e29b-41d4-a716-446655440009', 1, '2024-09-09 18:07:09.488422'),
       ('550e8400-e29b-41d4-a716-446655440052', 'Bid 3', 'Bid 3 description', 'Published',
        '550e8400-e29b-41d4-a716-446655440043',
        'Organization', '550e8400-e29b-41d4-a716-446655440009', 1, '2024-09-09 18:07:09.488422'),
       ('550e8400-e29b-41d4-a716-446655440053', 'Bid 4', 'Bid 4 description', 'Canceled',
        '550e8400-e29b-41d4-a716-446655440043',
        'Organization', '550e8400-e29b-41d4-a716-446655440009', 1, '2024-09-09 18:07:09.488422'),
       ('550e8400-e29b-41d4-a716-446655440054', 'Bid 5', 'Bid 5 description', 'Approved',
        '550e8400-e29b-41d4-a716-446655440043',
        'Organization', '550e8400-e29b-41d4-a716-446655440009', 1, '2024-09-09 18:07:09.488422'),
       ('550e8400-e29b-41d4-a716-446655440055', 'Bid 6', 'Bid 6 description', 'Rejected',
        '550e8400-e29b-41d4-a716-446655440043',
        'Organization', '550e8400-e29b-41d4-a716-446655440009', 1, '2024-09-09 18:07:09.488422');
